{
  "meta": {
    "source": "openstreetmap, manuelle Korrektur",
    "created_at": "2026-01-28",
    "version": "2.0",
    "region": "Mansfeld-Südharz",
    "note": "Bereinigt: Nur MSH-Behörden, keine Kyffhäuserkreis/Nordhausen/Harz-Einträge",
    "total_count": 22
  },
  "data": [
    {
      "id": "osm-way-172568374",
      "type": "townhall",
      "name": "Rathaus Sangerhausen",
      "street": "Markt 1",
      "postalCode": "06526",
      "city": "Sangerhausen",
      "latitude": 51.473246,
      "longitude": 11.2989243,
      "operator": "Stadt Sangerhausen",
      "openingHours": "Mo-Fr 10:00-14:00",
      "targetAudience": "alle",
      "source": "openstreetmap",
      "sourceId": "way/172568374"
    },
    {
      "id": "osm-way-1300034331",
      "type": "government_office",
      "name": "Kreisverwaltung Mansfeld-Südharz, Haus III",
      "street": "Doktor-Wilhelm-Külz-Straße 12",
      "postalCode": "06526",
      "city": "Sangerhausen",
      "latitude": 51.477752,
      "longitude": 11.2982992,
      "phone": "+49 3464 5350",
      "phoneFormatted": "03464 / 535-0",
      "website": "https://www.mansfeldsuedharz.de/unser-service-ihr-ansprechpartner/unsere-aemter/a-z",
      "openingHours": "Mo 08:30-15:00; Tu 08:30-17:30; We OFF; Th 08:30-15:00; Fr 08:30-12:00",
      "targetAudience": "alle",
      "source": "openstreetmap",
      "sourceId": "way/1300034331"
    },
    {
      "id": "osm-way-183214566",
      "type": "government_office",
      "name": "Straßenverkehrsamt Mansfeld-Südharz",
      "street": "Alte Promenade 27",
      "postalCode": "06526",
      "city": "Sangerhausen",
      "latitude": 51.4714115,
      "longitude": 11.2964845,
      "website": "https://zulassungsstelle.de/mansfeldsuedharz/",
      "isBarrierFree": true,
      "openingHours": "Mo 09:00-16:00; Tu-Th 09:00-17:00; Fr 09:00-14:00",
      "targetAudience": "alle",
      "source": "openstreetmap",
      "sourceId": "way/183214566"
    },
    {
      "id": "osm-way-540043526",
      "type": "government_office",
      "name": "Ortschaftsbüro Wippra",
      "street": "Anger 3",
      "postalCode": "06526",
      "city": "Sangerhausen OT Wippra",
      "latitude": 51.5720993,
      "longitude": 11.2769198,
      "phone": "+49 34775 20097",
      "phoneFormatted": "034775 / 200 97",
      "website": "https://sangerhausen.de/ortsteile/wippra",
      "email": "wippra@ot.sangerhausen.de",
      "openingHours": "We[1] 09:30-11:30",
      "description": "Ehemalige Angerschule",
      "targetAudience": "alle",
      "source": "openstreetmap",
      "sourceId": "way/540043526"
    },
    {
      "id": "osm-node-12170402987",
      "type": "townhall",
      "name": "Einwohnermeldeamt Verbandsgemeinde Goldene Aue",
      "postalCode": "06526",
      "city": "Sangerhausen",
      "latitude": 51.4603496,
      "longitude": 11.2072202,
      "targetAudience": "alle",
      "source": "openstreetmap",
      "sourceId": "node/12170402987"
    },
    {
      "id": "osm-way-36967232",
      "type": "townhall",
      "name": "Rathaus Eisleben",
      "street": "Markt 1",
      "postalCode": "06295",
      "city": "Lutherstadt Eisleben",
      "latitude": 51.5281929,
      "longitude": 11.5456163,
      "targetAudience": "alle",
      "source": "openstreetmap",
      "sourceId": "way/36967232"
    },
    {
      "id": "osm-way-180969105",
      "type": "government_office",
      "name": "Stadtverwaltung Eisleben",
      "postalCode": "06295",
      "city": "Lutherstadt Eisleben",
      "latitude": 51.528109,
      "longitude": 11.5421764,
      "targetAudience": "alle",
      "source": "openstreetmap",
      "sourceId": "way/180969105"
    },
    {
      "id": "osm-way-35780477",
      "type": "government_office",
      "name": "Finanzamt Eisleben",
      "postalCode": "06295",
      "city": "Lutherstadt Eisleben",
      "latitude": 51.5186542,
      "longitude": 11.5519805,
      "openingHours": "Mo,Th,Fr 08:00-12:00; Tu 08:00-12:00,14:00-18:00",
      "targetAudience": "alle",
      "source": "openstreetmap",
      "sourceId": "way/35780477"
    },
    {
      "id": "osm-way-435774825",
      "type": "government_office",
      "name": "Eigenbetrieb Abfallwirtschaft Mansfeld-Südharz",
      "street": "Karl-Fischer-Straße 13",
      "postalCode": "06295",
      "city": "Lutherstadt Eisleben",
      "latitude": 51.5304688,
      "longitude": 11.5574459,
      "phone": "+49 3475 613300",
      "phoneFormatted": "03475 / 61 33 00",
      "website": "https://www.abfallwirtschaft-msh.de/",
      "openingHours": "Mo 08:30-15:00, Tu 08:30-17:30, We off, Th 08:30-15:00, Fr 08:30-12:00",
      "targetAudience": "alle",
      "source": "openstreetmap",
      "sourceId": "way/435774825"
    },
    {
      "id": "osm-way-141602896",
      "type": "townhall",
      "name": "Rathaus Gerbstedt",
      "postalCode": "06347",
      "city": "Gerbstedt",
      "latitude": 51.6320628,
      "longitude": 11.6273302,
      "targetAudience": "alle",
      "source": "openstreetmap",
      "sourceId": "way/141602896"
    },
    {
      "id": "osm-way-200669356",
      "type": "townhall",
      "name": "Stadtverwaltung Mansfeld",
      "street": "Lutherstraße 9",
      "postalCode": "06343",
      "city": "Mansfeld",
      "latitude": 51.5926723,
      "longitude": 11.4514837,
      "targetAudience": "alle",
      "source": "openstreetmap",
      "sourceId": "way/200669356"
    },
    {
      "id": "osm-way-57834330",
      "type": "townhall",
      "name": "Rathaus Allstedt",
      "postalCode": "06542",
      "city": "Allstedt",
      "latitude": 51.4039976,
      "longitude": 11.3852798,
      "targetAudience": "alle",
      "source": "openstreetmap",
      "sourceId": "way/57834330"
    },
    {
      "id": "osm-way-58266455",
      "type": "government_office",
      "name": "Verwaltungsamt Allstedt",
      "postalCode": "06542",
      "city": "Allstedt",
      "latitude": 51.404939,
      "longitude": 11.3880563,
      "targetAudience": "alle",
      "source": "openstreetmap",
      "sourceId": "way/58266455"
    },
    {
      "id": "osm-node-410939523",
      "type": "townhall",
      "name": "Verbandsgemeinde Mansfelder Grund-Helbra",
      "postalCode": "06311",
      "city": "Helbra",
      "latitude": 51.5476304,
      "longitude": 11.4880419,
      "targetAudience": "alle",
      "source": "openstreetmap",
      "sourceId": "node/410939523"
    },
    {
      "id": "osm-way-222377028",
      "type": "government_office",
      "name": "Gemeindeamt Volkstedt",
      "postalCode": "06295",
      "city": "Lutherstadt Eisleben OT Volkstedt",
      "latitude": 51.5433449,
      "longitude": 11.4690126,
      "targetAudience": "alle",
      "source": "openstreetmap",
      "sourceId": "way/222377028"
    },
    {
      "id": "osm-way-262124262",
      "type": "government_office",
      "name": "Gemeindeverwaltung Seegebiet Mansfelder Land",
      "street": "Pfarrstraße 8",
      "postalCode": "06317",
      "city": "Seegebiet Mansfelder Land OT Röblingen am See",
      "latitude": 51.4642136,
      "longitude": 11.6739914,
      "phone": "+49 34774 4440",
      "phoneFormatted": "034774 / 44 40",
      "website": "http://www.seegebiet-mansfelder-land.de/index.php?id=buergerundverwaltung0",
      "targetAudience": "alle",
      "source": "openstreetmap",
      "sourceId": "way/262124262"
    },
    {
      "id": "osm-way-316712377",
      "type": "townhall",
      "name": "Rathaus Röblingen",
      "street": "Pfarrstraße 8",
      "postalCode": "06317",
      "city": "Seegebiet Mansfelder Land",
      "latitude": 51.4640028,
      "longitude": 11.6738406,
      "targetAudience": "alle",
      "source": "openstreetmap",
      "sourceId": "way/316712377"
    },
    {
      "id": "osm-node-6194190953",
      "type": "government_office",
      "name": "Standesamt Röblingen am See",
      "postalCode": "06317",
      "city": "Seegebiet Mansfelder Land",
      "latitude": 51.4640726,
      "longitude": 11.6738722,
      "targetAudience": "alle",
      "source": "openstreetmap",
      "sourceId": "node/6194190953"
    },
    {
      "id": "osm-node-413077758",
      "type": "townhall",
      "name": "Stadtverwaltung Kelbra",
      "postalCode": "06537",
      "city": "Südharz OT Kelbra",
      "latitude": 51.4357436,
      "longitude": 11.0414653,
      "targetAudience": "alle",
      "source": "openstreetmap",
      "sourceId": "node/413077758"
    },
    {
      "id": "osm-node-419776579",
      "type": "government_office",
      "name": "Standesamt Kelbra (ehem. Martinikirche)",
      "postalCode": "06537",
      "city": "Südharz OT Kelbra",
      "latitude": 51.4344496,
      "longitude": 11.0338874,
      "targetAudience": "alle",
      "source": "openstreetmap",
      "sourceId": "node/419776579"
    },
    {
      "id": "osm-way-485493129",
      "type": "government_office",
      "name": "Büro Ortsbürgermeister Uftrungen",
      "street": "Uftrunger Hauptstraße 50",
      "postalCode": "06536",
      "city": "Südharz OT Uftrungen",
      "latitude": 51.4997113,
      "longitude": 10.9807343,
      "email": "uftrungen@freenet.de",
      "openingHours": "1. we md 17:00-19:00",
      "operator": "Ralf Götze",
      "targetAudience": "alle",
      "source": "openstreetmap",
      "sourceId": "way/485493129"
    },
    {
      "id": "osm-node-1264084920",
      "type": "townhall",
      "name": "Ortschaftsbüro Abberode",
      "postalCode": "06456",
      "city": "Arnstein OT Abberode",
      "latitude": 51.6156887,
      "longitude": 11.2917954,
      "targetAudience": "alle",
      "source": "openstreetmap",
      "sourceId": "node/1264084920"
    }
  ]
}
