{
  "meta": {
    "source": "openstreetmap",
    "created_at": "2026-01-28",
    "version": "1.0",
    "region": "Mansfeld-Südharz",
    "total_count": 48
  },
  "data": [
    {
      "id": "osm-node-956274487",
      "type": "community_centre",
      "name": "Kulturhaus Könnern",
      "city": "Mansfeld-Südharz",
      "latitude": 51.6694194,
      "longitude": 11.7744955,
      "targetAudience": "alle",
      "source": "openstreetmap",
      "sourceId": "node/956274487"
    },
    {
      "id": "osm-node-1738894519",
      "type": "community_centre",
      "name": "Carl-Schroeder-Saal",
      "street": "Carl-Schroeder-Straße 10",
      "postalCode": "99706",
      "city": "Sondershausen",
      "latitude": 51.3707607,
      "longitude": 10.8708291,
      "targetAudience": "alle",
      "source": "openstreetmap",
      "sourceId": "node/1738894519"
    },
    {
      "id": "osm-node-5634738876",
      "type": "community_centre",
      "name": "Gemeinde Ichstedt",
      "city": "Mansfeld-Südharz",
      "latitude": 51.3840604,
      "longitude": 11.2035185,
      "targetAudience": "alle",
      "source": "openstreetmap",
      "sourceId": "node/5634738876"
    },
    {
      "id": "osm-node-6252069162",
      "type": "community_centre",
      "name": "Bürgersaal",
      "city": "Mansfeld-Südharz",
      "latitude": 51.4632816,
      "longitude": 11.6734774,
      "targetAudience": "alle",
      "source": "openstreetmap",
      "sourceId": "node/6252069162"
    },
    {
      "id": "osm-node-6594226995",
      "type": "community_centre",
      "name": "BMK-Harzgerode",
      "street": "Stolberger Straße 16",
      "postalCode": "06493",
      "city": "Harzgerode",
      "latitude": 51.6378528,
      "longitude": 11.1345644,
      "targetAudience": "alle",
      "source": "openstreetmap",
      "sourceId": "node/6594226995"
    },
    {
      "id": "osm-node-8129666611",
      "type": "community_centre",
      "name": "Dorfgemeinschaftshaus",
      "street": "Hauptstraße 29",
      "postalCode": "06317",
      "city": "Seegebiet Mansfelder Land",
      "latitude": 51.4652526,
      "longitude": 11.7274325,
      "phone": "+49 34601 22775",
      "phoneFormatted": "03460 / 12 27 75",
      "website": "https://www.seegebiet-mansfelder-land.de/de/dgh-amsdorf/dorfgemeinschaftshaus.html",
      "targetAudience": "alle",
      "source": "openstreetmap",
      "sourceId": "node/8129666611"
    },
    {
      "id": "osm-node-8990055022",
      "type": "community_centre",
      "name": "Gemeinde Benndorf",
      "city": "Mansfeld-Südharz",
      "latitude": 51.5713293,
      "longitude": 11.4928378,
      "targetAudience": "alle",
      "source": "openstreetmap",
      "sourceId": "node/8990055022"
    },
    {
      "id": "osm-node-10197037134",
      "type": "community_centre",
      "name": "Cruciskirche",
      "city": "Mansfeld-Südharz",
      "latitude": 51.3715297,
      "longitude": 10.877959,
      "website": "https://www.foerderverein-cruciskirche.de",
      "targetAudience": "alle",
      "source": "openstreetmap",
      "sourceId": "node/10197037134",
      "operator": "Förderverein Cruciskirche Sondershausen e.V."
    },
    {
      "id": "osm-node-11274045737",
      "type": "community_centre",
      "name": "Gemeindezentrum Riestedt",
      "street": "Schulstraße 53c",
      "postalCode": "06526",
      "city": "Sangerhausen",
      "latitude": 51.493248,
      "longitude": 11.3565771,
      "openingHours": "Tu 15:00-18:00",
      "targetAudience": "alle",
      "source": "openstreetmap",
      "sourceId": "node/11274045737"
    },
    {
      "id": "osm-node-12107917848",
      "type": "community_centre",
      "name": "Wolke 7",
      "city": "Mansfeld-Südharz",
      "latitude": 51.3713722,
      "longitude": 10.8744197,
      "targetAudience": "alle",
      "source": "openstreetmap",
      "sourceId": "node/12107917848"
    },
    {
      "id": "osm-node-12301771085",
      "type": "youth_centre",
      "name": "Kinder und Jugendklub",
      "city": "Mansfeld-Südharz",
      "latitude": 51.287049,
      "longitude": 11.5791258,
      "targetAudience": "jugend",
      "source": "openstreetmap",
      "sourceId": "node/12301771085",
      "operator": "Stadt Bebra"
    },
    {
      "id": "osm-way-96741054",
      "type": "youth_centre",
      "name": "Jugend und Schüler Treff",
      "street": "Ferdinand-Schlufter-Straße 48",
      "postalCode": "99706",
      "city": "Sondershausen",
      "latitude": 51.3690244,
      "longitude": 10.8635437,
      "phone": "+49 3632 5429800",
      "phoneFormatted": "03632 / 54 29 800",
      "targetAudience": "jugend",
      "source": "openstreetmap",
      "sourceId": "way/96741054"
    },
    {
      "id": "osm-way-113404865",
      "type": "community_centre",
      "name": "Klubhaus Hettstedt",
      "city": "Hettstedt",
      "latitude": 51.6360694,
      "longitude": 11.5075009,
      "website": "http://www.klubhaus-hettstedt.de",
      "targetAudience": "alle",
      "source": "openstreetmap",
      "sourceId": "way/113404865"
    },
    {
      "id": "osm-way-150365368",
      "type": "community_centre",
      "name": "Haus der Vereine",
      "street": "Martin-Andersen-Nexö-Straße 61",
      "postalCode": "99706",
      "city": "Sondershausen",
      "latitude": 51.3596012,
      "longitude": 10.8919333,
      "phone": "+49 3632 755451",
      "phoneFormatted": "03632 / 75 54 51",
      "targetAudience": "alle",
      "source": "openstreetmap",
      "sourceId": "way/150365368",
      "operator": "Stadt Sondershausen"
    },
    {
      "id": "osm-way-161599871",
      "type": "community_centre",
      "name": "Bürgerhaus Hainrode",
      "street": "Hainröder Hauptstraße 44A",
      "postalCode": "06536",
      "city": "Südharz / OT Hainrode",
      "latitude": 51.5020607,
      "longitude": 11.1675299,
      "website": "https://www.hainrode.de/Haimatverein/Vermietung",
      "targetAudience": "alle",
      "source": "openstreetmap",
      "sourceId": "way/161599871",
      "operator": "Heimat- und Naturschutzverein Hainrode e.V."
    },
    {
      "id": "osm-way-161946932",
      "type": "community_centre",
      "name": "Hasenholz-Östertal-Centrum",
      "street": "Zum Östertal 1",
      "postalCode": "99706",
      "city": "Sondershausen",
      "latitude": 51.3690674,
      "longitude": 10.8848645,
      "website": "https://www.hoc-fau.de/",
      "openingHours": "Mo-Fr 07:30-15:00",
      "targetAudience": "alle",
      "source": "openstreetmap",
      "sourceId": "way/161946932"
    },
    {
      "id": "osm-way-177216226",
      "type": "community_centre",
      "name": "Bürgerhaus Kalbsrieth",
      "street": "Am Umfluter",
      "postalCode": "06556",
      "city": "Kalbsrieth",
      "latitude": 51.3436449,
      "longitude": 11.3329467,
      "targetAudience": "alle",
      "source": "openstreetmap",
      "sourceId": "way/177216226"
    },
    {
      "id": "osm-way-177575938",
      "type": "community_centre",
      "name": "Haus der Vereine",
      "street": "Blankenburger Straße 24A",
      "postalCode": "38899",
      "city": "Oberharz am Brocken",
      "latitude": 51.6953398,
      "longitude": 10.8605256,
      "targetAudience": "alle",
      "source": "openstreetmap",
      "sourceId": "way/177575938"
    },
    {
      "id": "osm-way-178495503",
      "type": "community_centre",
      "name": "Bürgerhaus Artern",
      "city": "Mansfeld-Südharz",
      "latitude": 51.3668658,
      "longitude": 11.3007096,
      "targetAudience": "alle",
      "source": "openstreetmap",
      "sourceId": "way/178495503"
    },
    {
      "id": "osm-way-182270880",
      "type": "community_centre",
      "name": "Freizeitzentrum und Mehrgenerationenhaus Roßleben",
      "street": "Fritz-Hofmann-Straße 11",
      "postalCode": "06571",
      "city": "Roßleben-Wiehe",
      "latitude": 51.2966538,
      "longitude": 11.4299815,
      "phone": "+49 34672 93783",
      "phoneFormatted": "03467 / 29 37 83",
      "website": "http://www.kjr-kyffhaeuserkreis.de/",
      "openingHours": "Mo-Tu 09:00-19:00; Fr 09:00-20:00; Sa off; Su 14:00-19:00",
      "isBarrierFree": true,
      "targetAudience": "alle",
      "source": "openstreetmap",
      "sourceId": "way/182270880",
      "operator": "Kreisjugendring Kyffhäuserkreis e.V."
    },
    {
      "id": "osm-way-187766880",
      "type": "community_centre",
      "name": "Gemeindebüro Gleina",
      "street": "Hauptstraße 47",
      "postalCode": "06632",
      "city": "Gleina",
      "latitude": 51.2569513,
      "longitude": 11.7187182,
      "openingHours": "Tu 15:00-18:00; Th 15:00-16:00",
      "targetAudience": "alle",
      "source": "openstreetmap",
      "sourceId": "way/187766880",
      "operator": "Gemeindeverwaltung Gleina"
    },
    {
      "id": "osm-way-191971538",
      "type": "community_centre",
      "name": "Dorfgemeinschaftshaus",
      "city": "Mansfeld-Südharz",
      "latitude": 51.2550409,
      "longitude": 11.2280726,
      "targetAudience": "alle",
      "source": "openstreetmap",
      "sourceId": "way/191971538"
    },
    {
      "id": "osm-way-200047682",
      "type": "community_centre",
      "name": "Vereinsheim",
      "city": "Südharz",
      "latitude": 51.4573657,
      "longitude": 11.0119209,
      "targetAudience": "alle",
      "source": "openstreetmap",
      "sourceId": "way/200047682",
      "operator": "SV Olympia Berga"
    },
    {
      "id": "osm-way-215422820",
      "type": "community_centre",
      "name": "Festscheune",
      "city": "Mansfeld-Südharz",
      "latitude": 51.4643921,
      "longitude": 11.6748848,
      "website": "https://www.seegebiet-mansfelder-land.de/index.php?id=frhfrderung1",
      "targetAudience": "alle",
      "source": "openstreetmap",
      "sourceId": "way/215422820"
    },
    {
      "id": "osm-way-221045866",
      "type": "community_centre",
      "name": "Vereinsheim SV Blau-Weiß 91 Bad Frankenhausen e.V.",
      "street": "An der Wipper 10",
      "postalCode": "06567",
      "city": "Bad Frankenhausen/Kyffhäuser",
      "latitude": 51.3606719,
      "longitude": 11.0844288,
      "website": "https://www.bw91.de/#",
      "targetAudience": "alle",
      "source": "openstreetmap",
      "sourceId": "way/221045866"
    },
    {
      "id": "osm-way-230005935",
      "type": "youth_centre",
      "name": "Jugendclub Bebra",
      "city": "Mansfeld-Südharz",
      "latitude": 51.3596779,
      "longitude": 10.8365053,
      "targetAudience": "jugend",
      "source": "openstreetmap",
      "sourceId": "way/230005935"
    },
    {
      "id": "osm-way-232054453",
      "type": "community_centre",
      "name": "Kultursaal",
      "city": "Mansfeld-Südharz",
      "latitude": 51.503713,
      "longitude": 11.7336756,
      "targetAudience": "alle",
      "source": "openstreetmap",
      "sourceId": "way/232054453"
    },
    {
      "id": "osm-way-235130221",
      "type": "community_centre",
      "name": "Großer Saal",
      "city": "Mansfeld-Südharz",
      "latitude": 51.4750125,
      "longitude": 11.4436466,
      "targetAudience": "alle",
      "source": "openstreetmap",
      "sourceId": "way/235130221"
    },
    {
      "id": "osm-way-235130494",
      "type": "community_centre",
      "name": "Kleiner Saal",
      "city": "Mansfeld-Südharz",
      "latitude": 51.4750058,
      "longitude": 11.443847,
      "targetAudience": "alle",
      "source": "openstreetmap",
      "sourceId": "way/235130494"
    },
    {
      "id": "osm-way-235130537",
      "type": "community_centre",
      "name": "Stadtverwaltung Allstedt (Ortsteil Holdenstedt)",
      "street": "Lindenstraße 40",
      "postalCode": "06542",
      "city": "Allstedt",
      "latitude": 51.475149,
      "longitude": 11.4437524,
      "targetAudience": "alle",
      "source": "openstreetmap",
      "sourceId": "way/235130537"
    },
    {
      "id": "osm-way-235517758",
      "type": "community_centre",
      "name": "Haus der Vereine",
      "city": "Mansfeld-Südharz",
      "latitude": 51.3764475,
      "longitude": 11.5326961,
      "targetAudience": "alle",
      "source": "openstreetmap",
      "sourceId": "way/235517758"
    },
    {
      "id": "osm-way-251818613",
      "type": "community_centre",
      "name": "Evangelische Gemeinde",
      "city": "Mansfeld-Südharz",
      "latitude": 51.5178222,
      "longitude": 11.6001959,
      "targetAudience": "alle",
      "source": "openstreetmap",
      "sourceId": "way/251818613"
    },
    {
      "id": "osm-way-255644755",
      "type": "community_centre",
      "name": "Dorfgemeinschaftshaus",
      "city": "Mansfeld-Südharz",
      "latitude": 51.6138665,
      "longitude": 11.7650043,
      "targetAudience": "alle",
      "source": "openstreetmap",
      "sourceId": "way/255644755"
    },
    {
      "id": "osm-way-277203472",
      "type": "community_centre",
      "name": "Festhalle",
      "street": "Carlsburger Straße",
      "postalCode": "99734",
      "city": "Nordhausen",
      "latitude": 51.4657953,
      "longitude": 10.816478,
      "targetAudience": "alle",
      "source": "openstreetmap",
      "sourceId": "way/277203472"
    },
    {
      "id": "osm-way-303019714",
      "type": "community_centre",
      "name": "Festhalle Ritteburg",
      "city": "Mansfeld-Südharz",
      "latitude": 51.3439934,
      "longitude": 11.3304674,
      "targetAudience": "alle",
      "source": "openstreetmap",
      "sourceId": "way/303019714"
    },
    {
      "id": "osm-way-343975447",
      "type": "community_centre",
      "name": "Dorfgemeinschaftshaus Seeburg",
      "city": "Mansfeld-Südharz",
      "latitude": 51.4873409,
      "longitude": 11.7058513,
      "targetAudience": "alle",
      "source": "openstreetmap",
      "sourceId": "way/343975447"
    },
    {
      "id": "osm-way-359553404",
      "type": "community_centre",
      "name": "Begegnungszentrum „Nordhaus“ (SWG)",
      "street": "Stolberger Straße 131",
      "postalCode": "99734",
      "city": "Nordhausen",
      "latitude": 51.5141565,
      "longitude": 10.8032486,
      "website": "https://swg-nordhaus.de/",
      "targetAudience": "alle",
      "source": "openstreetmap",
      "sourceId": "way/359553404"
    },
    {
      "id": "osm-way-404876112",
      "type": "community_centre",
      "name": "SV Herrmannsacker 1907",
      "city": "Mansfeld-Südharz",
      "latitude": 51.5410227,
      "longitude": 10.8710994,
      "targetAudience": "alle",
      "source": "openstreetmap",
      "sourceId": "way/404876112"
    },
    {
      "id": "osm-way-489059868",
      "type": "community_centre",
      "name": "Dorfgemeinschaftshaus \"Heerstall\"",
      "street": "Heerstall 2 A",
      "postalCode": "06536",
      "city": "Südharz",
      "latitude": 51.501798,
      "longitude": 10.9794557,
      "phone": "+49 34651 38966",
      "phoneFormatted": "03465 / 13 89 66",
      "targetAudience": "alle",
      "source": "openstreetmap",
      "sourceId": "way/489059868"
    },
    {
      "id": "osm-way-549401225",
      "type": "community_centre",
      "name": "Kulturhaus Hauteroda",
      "city": "Mansfeld-Südharz",
      "latitude": 51.2650606,
      "longitude": 11.2780048,
      "targetAudience": "alle",
      "source": "openstreetmap",
      "sourceId": "way/549401225"
    },
    {
      "id": "osm-way-557790221",
      "type": "community_centre",
      "name": "Alte Schule",
      "street": "Dorfstraße 36",
      "postalCode": "06536",
      "city": "Südharz",
      "latitude": 51.474415,
      "longitude": 11.1012522,
      "targetAudience": "alle",
      "source": "openstreetmap",
      "sourceId": "way/557790221"
    },
    {
      "id": "osm-way-744685877",
      "type": "community_centre",
      "name": "Festhalle",
      "city": "Mansfeld-Südharz",
      "latitude": 51.503008,
      "longitude": 10.8638801,
      "targetAudience": "alle",
      "source": "openstreetmap",
      "sourceId": "way/744685877"
    },
    {
      "id": "osm-way-810726571",
      "type": "community_centre",
      "name": "Bürgerhaus",
      "city": "Mansfeld-Südharz",
      "latitude": 51.3076204,
      "longitude": 11.0480906,
      "targetAudience": "alle",
      "source": "openstreetmap",
      "sourceId": "way/810726571"
    },
    {
      "id": "osm-way-908869671",
      "type": "community_centre",
      "name": "Bürgerhaus",
      "street": "Markt 115",
      "postalCode": "06493",
      "city": "Harzgerode",
      "latitude": 51.5907626,
      "longitude": 11.1379768,
      "targetAudience": "alle",
      "source": "openstreetmap",
      "sourceId": "way/908869671"
    },
    {
      "id": "osm-way-929796559",
      "type": "community_centre",
      "name": "Bürgermeister",
      "street": "Hainröder Hauptstraße 44",
      "postalCode": "06536",
      "city": "Südharz / OT Hainrode",
      "latitude": 51.5016649,
      "longitude": 11.1672295,
      "website": "https://gemeinde-suedharz.de/ortschaften/hainrode/",
      "targetAudience": "alle",
      "source": "openstreetmap",
      "sourceId": "way/929796559"
    },
    {
      "id": "osm-way-972622227",
      "type": "youth_centre",
      "name": "Jugendbegegnungszentrum Heldrungen",
      "street": "Schloßstraße 5a",
      "postalCode": "06577",
      "city": "Heldrungen",
      "latitude": 51.3005761,
      "longitude": 11.2216023,
      "website": "https://www.jbz-heldrungen.de/",
      "targetAudience": "jugend",
      "source": "openstreetmap",
      "sourceId": "way/972622227",
      "operator": "Selbständige Evangelisch-Lutherische Kirche (SELK)"
    },
    {
      "id": "osm-way-1053899105",
      "type": "community_centre",
      "name": "Dorfclub Buchholz (DGH)",
      "street": "Buchholzer Landstraße 30",
      "postalCode": "99734",
      "city": "Nordhausen",
      "latitude": 51.5405933,
      "longitude": 10.8653566,
      "website": "https://www.nordhausen.de/allgemein/instanz_lang.php?InstNr=29488",
      "openingHours": "\"nach Vereinbarung\"",
      "targetAudience": "alle",
      "source": "openstreetmap",
      "sourceId": "way/1053899105"
    },
    {
      "id": "osm-way-1059537898",
      "type": "community_centre",
      "name": "Bürgerhaus",
      "street": "Parkstraße 161",
      "postalCode": "06567",
      "city": "Bad Frankenhausen",
      "latitude": 51.3458483,
      "longitude": 11.178359,
      "phone": "+49 34671 52695",
      "phoneFormatted": "03467 / 15 26 95",
      "website": "https://bad-frankenhausen.de/stadt-buerger/stadtportrait/stadt-ortsteile",
      "email": "k_home67@web.de",
      "openingHours": "Tu 17:00-18:00; Mo,We-Su,PH off",
      "targetAudience": "alle",
      "source": "openstreetmap",
      "sourceId": "way/1059537898"
    }
  ]
}